Generator,VO&M Charge
GEN_111104_LOWERJHELUM1_132_1,0
GEN_111104_LOWERJHELUM1_132_2,0
GEN_111104_LOWERJHELUM1_132_3,0
GEN_111108_UDAMPUR1_132_1,0
GEN_111108_UDAMPUR1_132_2,0
GEN_111108_UDAMPUR1_132_3,0
GEN_111108_UDAMPUR1_132_4,0
GEN_111108_UDAMPUR1_132_5,0
GEN_111119_UPPERSIND_132_1,0
GEN_111119_UPPERSIND_132_2,0
GEN_111119_UPPERSIND_132_3,0
GEN_111119_UPPERSIND_132_4,0
GEN_111119_UPPERSIND_132_5,0
GEN_111129_PAMPORE1_132_1,0
GEN_111129_PAMPORE1_132_2,0
GEN_111129_PAMPORE1_132_3,0
GEN_111129_PAMPORE1_132_4,0
GEN_111129_PAMPORE1_132_5,0
GEN_111129_PAMPORE1_132_6,0
GEN_111129_PAMPORE1_132_7,0
GEN_114401_BAGLIHAR4_400_1,0
GEN_114401_BAGLIHAR4_400_2,0
GEN_114401_BAGLIHAR4_400_3,0
GEN_121102_BAJAURA1_132_TH,0
GEN_121104_MALANA1_132_1,0
GEN_121104_MALANA1_132_2,0
GEN_121105_KANGRA1_132_GJ,0
GEN_121105_KANGRA1_132_KH,0
GEN_121109_BASSI1_132_1,0
GEN_121109_BASSI1_132_2,0
GEN_121109_BASSI1_132_3,0
GEN_121109_BASSI1_132_4,0
GEN_121112_GIRI1_132_1,0
GEN_121112_GIRI1_132_2,0
GEN_121115_PALAMPUR_132_BN,0
GEN_121115_PALAMPUR_132_BW,0
GEN_121119_LARJI1_132_1,0
GEN_121119_LARJI1_132_2,0
GEN_121119_LARJI1_132_3,0
GEN_121128_CHANJU-1_220_1,0
GEN_121140_UHL-3_132_1,0
GEN_121140_UHL-3_132_2,0
GEN_121140_UHL-3_132_3,0
GEN_122202_BUDHIL_220_1,0
GEN_122202_BUDHIL_220_2,0
GEN_122207_KASANG_220_1,0
GEN_122207_KASANG_220_2,0
GEN_122207_KASANG_220_3,0
GEN_122211_TIDONG_220_1,0
GEN_122211_TIDONG_220_2,0
GEN_122226_BHABA2_220_1,0
GEN_122226_BHABA2_220_2,0
GEN_122226_BHABA2_220_3,0
GEN_124402_BASPA4_400_1,0
GEN_124402_BASPA4_400_2,0
GEN_124402_BASPA4_400_3,0
GEN_124403_SHANGTONG_400_1,0
GEN_124403_SHANGTONG_400_2,0
GEN_124403_SHANGTONG_400_3,0
GEN_124403_SHANGTONG_400_4,0
GEN_124404_CHANGO-YANTG_400_1,0
GEN_124404_CHANGO-YANTG_400_2,0
GEN_124404_CHANGO-YANTG_400_3,0
GEN_124903_SAINJ_400_1,0
GEN_124903_SAINJ_400_2,0
GEN_124910_SAWRA-KUDDU_400_1,0
GEN_124910_SAWRA-KUDDU_400_2,0
GEN_124910_SAWRA-KUDDU_400_3,0
GEN_131100_UBDCPH-1_132_1,0
GEN_131100_UBDCPH-1_132_2,0
GEN_131110_MUKERIAN-4_132_1,0
GEN_131110_MUKERIAN-4_132_2,0
GEN_131110_MUKERIAN-4_132_3,0
GEN_131118_MUKERI-3_132_1,0
GEN_131118_MUKERI-3_132_2,0
GEN_131118_MUKERI-3_132_3,0
GEN_131149_ANANDGARH-2_132_1,0
GEN_131149_ANANDGARH-2_132_2,0
GEN_131149_ANANDGARH-2_132_3,0
GEN_131149_ANANDGARH-2_132_4,0
GEN_131170_UBDCPH-3_132_1,0
GEN_131170_UBDCPH-3_132_2,0
GEN_131171_UBDCPH-2_132_1,0
GEN_131171_UBDCPH-2_132_2,0
GEN_131189_MUKERI-1_132_1,0
GEN_131189_MUKERI-1_132_2,0
GEN_131189_MUKERI-1_132_3,0
GEN_131190_MUKERI-2_132_1,0
GEN_131190_MUKERI-2_132_2,0
GEN_131190_MUKERI-2_132_3,0
GEN_131192_JOGINDERNAGA_132_1,0
GEN_131192_JOGINDERNAGA_132_2,0
GEN_131192_JOGINDERNAGA_132_3,0
GEN_131192_JOGINDERNAGA_132_4,0
GEN_131192_JOGINDERNAGA_132_5,0
GEN_131197_ANANDGARH-1_132_1,0
GEN_131197_ANANDGARH-1_132_2,0
GEN_132204_LEHRAMOHABBA_220_1,0
GEN_132204_LEHRAMOHABBA_220_2,0
GEN_132204_LEHRAMOHABBA_220_3,0
GEN_132204_LEHRAMOHABBA_220_4,0
GEN_132221_RSD_220_1,0
GEN_132221_RSD_220_2,0
GEN_132221_RSD_220_3,0
GEN_132221_RSD_220_4,0
GEN_132232_ROPAR_220_1,0
GEN_132232_ROPAR_220_2,0
GEN_132232_ROPAR_220_3,0
GEN_132232_ROPAR_220_4,0
GEN_132232_ROPAR_220_5,0
GEN_132232_ROPAR_220_6,0
GEN_132247_BATHINDA_220_1,0
GEN_132247_BATHINDA_220_2,0
GEN_132247_BATHINDA_220_3,0
GEN_132247_BATHINDA_220_4,0
GEN_132270_GOINDWAL_220_1,0
GEN_132270_GOINDWAL_220_2,0
GEN_134401_TALWANDISABO_400_1,0
GEN_134401_TALWANDISABO_400_2,0
GEN_134401_TALWANDISABO_400_3,0
GEN_134406_RAJPURA_TH_400_1,0
GEN_134406_RAJPURA_TH_400_2,0
GEN_142211_PANIPAT_OLD_220_1,0
GEN_142211_PANIPAT_OLD_220_2,0
GEN_142211_PANIPAT_OLD_220_3,0
GEN_142211_PANIPAT_OLD_220_4,0
GEN_142235_YAMUNA2_220_1,0
GEN_142235_YAMUNA2_220_2,0
GEN_142929_PANIPAT_NEW_220_5,0
GEN_142929_PANIPAT_NEW_220_6,0
GEN_142929_PANIPAT_NEW_220_7,0
GEN_142929_PANIPAT_NEW_220_8,0
GEN_144401_KHEDAR_400_1,0
GEN_144401_KHEDAR_400_2,0
GEN_144404_JHAJAR_N_400_1,0
GEN_144404_JHAJAR_N_400_2,0
GEN_152203_PRAGATI_BDR_220_G1,0
GEN_152207_PRAGATI_MND_220_G2,0
GEN_152207_PRAGATI_MND_220_S1,0
GEN_153006_RAJGHATG_33_1,0
GEN_153006_RAJGHATG_33_2,0
GEN_154426_BAWANA-G_400_G1,0
GEN_154426_BAWANA-G_400_G2,0
GEN_154426_BAWANA-G_400_G3,0
GEN_154426_BAWANA-G_400_G4,0
GEN_154426_BAWANA-G_400_S1,0
GEN_154426_BAWANA-G_400_S2,0
GEN_156001_DEL_GAS6_66_G1,0
GEN_156001_DEL_GAS6_66_G2,0
GEN_156001_DEL_GAS6_66_G3,0
GEN_156001_DEL_GAS6_66_G4,0
GEN_156001_DEL_GAS6_66_G5,0
GEN_156001_DEL_GAS6_66_G6,0
GEN_156001_DEL_GAS6_66_S1,0
GEN_156001_DEL_GAS6_66_S2,0
GEN_156001_DEL_GAS6_66_S3,0
GEN_161117_RAMGARH21_132_1,0
GEN_161117_RAMGARH21_132_2,0
GEN_161117_RAMGARH21_132_3,0
GEN_161122_RPS1_132_1,0
GEN_161122_RPS1_132_2,0
GEN_161122_RPS1_132_3,0
GEN_161122_RPS1_132_4,0
GEN_161160_MAHI-I_132_1,0
GEN_161623_JS1_132_1,0
GEN_161623_JS1_132_2,0
GEN_161623_JS1_132_3,0
GEN_161685_MAHI-II_132_1,0
GEN_162204_RAPS_A2_220_1,3120
GEN_162204_RAPS_A2_220_2,3120
GEN_162218_GIRALTPS_220_1,0
GEN_162218_GIRALTPS_220_2,0
GEN_162220_DHOLPU-4_220_1,0
GEN_162220_DHOLPU-4_220_2,0
GEN_162220_DHOLPU-4_220_3,0
GEN_162242_BARSINGS_220_1,0
GEN_162242_BARSINGS_220_2,0
GEN_162257_SURATGARH-42_220_1,0
GEN_162257_SURATGARH-42_220_2,0
GEN_162261_KTPS_220_1,0
GEN_162261_KTPS_220_2,0
GEN_162261_KTPS_220_3,0
GEN_162261_KTPS_220_4,0
GEN_162261_KTPS_220_5,0
GEN_162261_KTPS_220_6,0
GEN_162261_KTPS_220_7,0
GEN_162278_RAJWEST_220_7,0
GEN_162278_RAJWEST_220_8,0
GEN_162314_RAMGARH_220_4,0
GEN_162314_RAMGARH_220_5,0
GEN_162321_VSLP_220_1,0
GEN_164411_CHABRA-4_400_1,0
GEN_164411_CHABRA-4_400_2,0
GEN_164411_CHABRA-4_400_3,0
GEN_164411_CHABRA-4_400_4,0
GEN_164411_CHABRA-4_400_5,0
GEN_164411_CHABRA-4_400_6,0
GEN_164412_KALISI-4_400_1,0
GEN_164412_KALISI-4_400_2,0
GEN_164413_RAJWEST_400_1,0
GEN_164413_RAJWEST_400_2,0
GEN_164413_RAJWEST_400_3,0
GEN_164413_RAJWEST_400_4,0
GEN_164413_RAJWEST_400_5,0
GEN_164413_RAJWEST_400_6,0
GEN_164414_KAWAI_400_1,0
GEN_164414_KAWAI_400_2,0
GEN_164457_SURATG-4_400_3,0
GEN_164457_SURATG-4_400_4,0
GEN_164457_SURATG-4_400_5,0
GEN_164457_SURATG-4_400_6,0
GEN_171170_OBRAH1_132_1,0
GEN_171170_OBRAH1_132_2,0
GEN_171170_OBRAH1_132_3,0
GEN_171189_RIHND1_132_1,0
GEN_171189_RIHND1_132_2,0
GEN_171189_RIHND1_132_3,0
GEN_171189_RIHND1_132_4,0
GEN_171189_RIHND1_132_5,0
GEN_171189_RIHND1_132_6,0
GEN_171610_KHAMBAKH_132_1,0
GEN_171610_KHAMBAKH_132_2,0
GEN_171627_UTRAULA_132_1,0
GEN_171627_UTRAULA_132_2,0
GEN_171663_MAQSUDPR_132_1,0
GEN_171663_MAQSUDPR_132_2,0
GEN_171666_BARKHER_132_1,0
GEN_171666_BARKHER_132_2,0
GEN_171668_KUNDARK_132_1,0
GEN_171668_KUNDARK_132_2,0
GEN_171700_AKBCHIN_132_1,0
GEN_171701_BALRCHIN_132_1,0
GEN_171702_DCM01_132_1,0
GEN_171703_HAIDER01_132_1,0
GEN_171704_LHSUGAR0_132_1,0
GEN_171705_MANCHIN_132_1,0
GEN_171706_RAUCHIN_132_1,0
GEN_171707_TRIVEN01_132_1,0
GEN_171708_TRIVEN02_132_1,0
GEN_171709_KUMBH_132_1,0
GEN_171710_GULARI01_132_1,0
GEN_171711_JKSUGAR_132_1,0
GEN_171712_MAWANA01_132_1,0
GEN_171713_MAWANA02_132_1,0
GEN_171714_MAWANA03_132_1,0
GEN_171715_SBECBIO_132_1,0
GEN_171716_SIMBHO01_132_1,0
GEN_171717_SIMBHO02_132_1,0
GEN_171719_OUDH_132_1,0
GEN_171720_DALMI01_132_1,0
GEN_171721_DALMI02_132_1,0
GEN_171722_DALMI03_132_1,0
GEN_171723_KMSAGA_132_1,0
GEN_171724_DWARIK01_132_1,0
GEN_171725_DWARIK02_132_1,0
GEN_171726_SUKHBI_132_1,0
GEN_171728_BAJAJ02_132_1,0
GEN_171729_BAJAJ03_132_1,0
GEN_171730_BAJAJ04_132_1,0
GEN_171732_BAJAJ06_132_1,0
GEN_171733_BAJAJ07_132_1,0
GEN_171734_BAJAJ08_132_1,0
GEN_171735_BAJAJ09_132_1,0
GEN_171736_BAJAJ10_132_1,0
GEN_171737_DCM02_132_1,0
GEN_171738_DCM03_132_1,0
GEN_171739_UTTAM01_132_1,0
GEN_171740_UTTAM02_132_1,0
GEN_171741_DHAMPU01_132_1,0
GEN_171742_DHAMPU02_132_1,0
GEN_171743_DHAMPU03_132_1,0
GEN_171744_UPPERG_132_1,0
GEN_171745_CHADA_132_1,0
GEN_171746_DAURAL_132_1,0
GEN_171747_PARLE01_132_1,0
GEN_171748_NEWIND_132_1,0
GEN_171749_PARLE02_132_1,0
GEN_171750_LHSUGAR0_132_1,0
GEN_171751_GULARI02_132_1,0
GEN_171752_HAIDER02_132_1,0
GEN_171753_DCM04_132_1,0
GEN_172227_ROSA-TP1_220_1,0
GEN_172227_ROSA-TP1_220_2,0
GEN_172247_KHARA2_220_1,0
GEN_172247_KHARA2_220_2,0
GEN_172247_KHARA2_220_3,0
GEN_172257_HARDUGN2_220_5,0
GEN_172257_HARDUGN2_220_7,0
GEN_172257_HARDUGN2_220_8,0
GEN_172257_HARDUGN2_220_9,0
GEN_172263_PARICHA2_220_1,0
GEN_172263_PARICHA2_220_2,0
GEN_172263_PARICHA2_220_3,0
GEN_172263_PARICHA2_220_4,0
GEN_172265_PANKI2_220_1,0
GEN_172265_PANKI2_220_2,0
GEN_172271_OBRA2_220_1,0
GEN_172271_OBRA2_220_2,0
GEN_172271_OBRA2_220_3,0
GEN_172271_OBRA2_220_4,0
GEN_172286_TANDA2_220_1,0
GEN_172286_TANDA2_220_2,0
GEN_172286_TANDA2_220_3,0
GEN_172286_TANDA2_220_4,0
GEN_174000_MEJA_400_1,0
GEN_174000_MEJA_400_2,0
GEN_174263_BARA_400_1,0
GEN_174263_BARA_400_2,0
GEN_174263_BARA_400_3,0
GEN_174264_KARCHNA_400_1,0
GEN_174264_KARCHNA_400_2,0
GEN_174408_PARICHHA_400_5,0
GEN_174408_PARICHHA_400_6,0
GEN_174447_VISHNU4_400_1,0
GEN_174447_VISHNU4_400_2,0
GEN_174447_VISHNU4_400_3,0
GEN_174447_VISHNU4_400_4,0
GEN_174468_ANPARA4_400_1,0
GEN_174468_ANPARA4_400_2,0
GEN_174468_ANPARA4_400_3,0
GEN_174468_ANPARA4_400_4,0
GEN_174468_ANPARA4_400_5,0
GEN_174471_ROSA-TP2_400_3,0
GEN_174471_ROSA-TP2_400_4,0
GEN_174472_OBRA4_400_5,0
GEN_174472_OBRA4_400_6,0
GEN_174472_OBRA4_400_7,0
GEN_174472_OBRA4_400_8,0
GEN_174472_OBRA4_400_9,0
GEN_174565_TANDA2_400_1,0
GEN_174565_TANDA2_400_2,0
GEN_177405_ANPARAC_765_1,0
GEN_177405_ANPARAC_765_2,0
GEN_177406_ANPARA-D_765_1,0
GEN_177406_ANPARA-D_765_2,0
GEN_178710_LALITPUR_765_1,0
GEN_178710_LALITPUR_765_2,0
GEN_178710_LALITPUR_765_3,0
GEN_181100_SEWA-II_132_1,0
GEN_181100_SEWA-II_132_2,0
GEN_181100_SEWA-II_132_3,0
GEN_181111_MALAN-II_132_1,0
GEN_181111_MALAN-II_132_2,0
GEN_181126_GANGUWAL_132_1,0
GEN_181126_GANGUWAL_132_2,0
GEN_181126_GANGUWAL_132_3,0
GEN_181135_KOTLA_132_1,0
GEN_181135_KOTLA_132_2,0
GEN_181135_KOTLA_132_3,0
GEN_182201_BAIRASIUL2_220_1,0
GEN_182201_BAIRASIUL2_220_2,0
GEN_182201_BAIRASIUL2_220_3,0
GEN_182202_ADHYDRO_220_1,0
GEN_182202_ADHYDRO_220_2,0
GEN_182204_SORANG_400_1,0
GEN_182204_SORANG_400_2,0
GEN_182214_PONG_220_1,0
GEN_182214_PONG_220_2,0
GEN_182214_PONG_220_3,0
GEN_182214_PONG_220_4,0
GEN_182214_PONG_220_5,0
GEN_182214_PONG_220_6,0
GEN_182216_BHAKRA_L_220_3,0
GEN_182216_BHAKRA_L_220_4,0
GEN_182216_BHAKRA_L_220_5,0
GEN_182217_BHAKRA_R_220_1,0
GEN_182217_BHAKRA_R_220_2,0
GEN_182217_BHAKRA_R_220_3,0
GEN_182217_BHAKRA_R_220_4,0
GEN_182217_BHAKRA_R_220_5,0
GEN_182218_DEHAR_220_1,0
GEN_182218_DEHAR_220_2,0
GEN_182219_BALLABGARH_220_1,0
GEN_182219_BALLABGARH_220_2,0
GEN_182219_BALLABGARH_220_3,0
GEN_182227_SALAL2_220_1,0
GEN_182227_SALAL2_220_2,0
GEN_182227_SALAL2_220_3,0
GEN_182227_SALAL2_220_4,0
GEN_182227_SALAL2_220_5,0
GEN_182227_SALAL2_220_6,0
GEN_182229_TANAKPUR2_220_1,0
GEN_182229_TANAKPUR2_220_2,0
GEN_182229_TANAKPUR2_220_3,0
GEN_182234_AURYA2_220_G1,0
GEN_182234_AURYA2_220_G2,0
GEN_182234_AURYA2_220_G3,0
GEN_182234_AURYA2_220_G4,0
GEN_182234_AURYA2_220_S1,0
GEN_182234_AURYA2_220_S2,0
GEN_182236_ANTA2_220_G1,0
GEN_182236_ANTA2_220_G2,0
GEN_182236_ANTA2_220_G3,0
GEN_182236_ANTA2_220_S1,0
GEN_182238_DADRI_G2_220_G1,0
GEN_182238_DADRI_G2_220_G2,0
GEN_182238_DADRI_G2_220_G3,0
GEN_182238_DADRI_G2_220_G4,0
GEN_182238_DADRI_G2_220_S1,0
GEN_182238_DADRI_G2_220_S2,0
GEN_182262_RAPS_B2_220_3,3120
GEN_182262_RAPS_B2_220_4,3120
GEN_182267_UNCHAHR2_220_1,0
GEN_182267_UNCHAHR2_220_2,0
GEN_182267_UNCHAHR2_220_3,0
GEN_182267_UNCHAHR2_220_4,0
GEN_182267_UNCHAHR2_220_5,0
GEN_182907_DADRI_TH_220_1,0
GEN_182907_DADRI_TH_220_2,0
GEN_182907_DADRI_TH_220_3,0
GEN_182907_DADRI_TH_220_4,0
GEN_182907_DADRI_TH_220_SW,0
GEN_182921_BADARPR2_220_1,0
GEN_182921_BADARPR2_220_2,0
GEN_182921_BADARPR2_220_3,0
GEN_182921_BADARPR2_220_4,0
GEN_182921_BADARPR2_220_5,0
GEN_182922_FARIDAB2_220_G1,0
GEN_182922_FARIDAB2_220_G2,0
GEN_182922_FARIDAB2_220_S1,0
GEN_182927_NAPP2_220_1,2790
GEN_182927_NAPP2_220_2,2790
GEN_182928_CHAMER-3_220_1,0
GEN_182928_CHAMER-3_220_2,0
GEN_182928_CHAMER-3_220_3,0
GEN_182929_KUTEHR_220_1,0
GEN_182929_KUTEHR_220_2,0
GEN_182929_KUTEHR_220_3,0
GEN_182929_KUTEHR_220_4,0
GEN_184067_UNCHAHAAR_400_1,0
GEN_184400_JHAJJAR4_400_1,0
GEN_184400_JHAJJAR4_400_2,0
GEN_184400_JHAJJAR4_400_3,0
GEN_184401_CHAMERA-2_400_1,0
GEN_184401_CHAMERA-2_400_2,0
GEN_184401_CHAMERA-2_400_3,0
GEN_184405_RAPS_C4_400_5,3860
GEN_184405_RAPS_C4_400_6,3860
GEN_184411_CHAMERA-1_400_1,0
GEN_184411_CHAMERA-1_400_2,0
GEN_184411_CHAMERA-1_400_3,0
GEN_184414_URIG-1_400_1,0
GEN_184414_URIG-1_400_2,0
GEN_184414_URIG-1_400_3,0
GEN_184414_URIG-1_400_4,0
GEN_184416_RIHAND-G_400_1,0
GEN_184416_RIHAND-G_400_2,0
GEN_184416_RIHAND-G_400_3,0
GEN_184416_RIHAND-G_400_4,0
GEN_184418_DULHASTI_400_1,0
GEN_184418_DULHASTI_400_2,0
GEN_184418_DULHASTI_400_3,0
GEN_184419_DEHAR_400_3,0
GEN_184419_DEHAR_400_4,0
GEN_184419_DEHAR_400_5,0
GEN_184419_DEHAR_400_6,0
GEN_184424_DADR-NCR_400_5,0
GEN_184424_DADR-NCR_400_6,0
GEN_184440_KOLDAM_400_1,0
GEN_184440_KOLDAM_400_2,0
GEN_184440_KOLDAM_400_3,0
GEN_184440_KOLDAM_400_4,0
GEN_184446_RIHNDEXT_400_5,0
GEN_184446_RIHNDEXT_400_6,0
GEN_184452_KOTESHWA_400_1,0
GEN_184452_KOTESHWA_400_2,0
GEN_184452_KOTESHWA_400_3,0
GEN_184452_KOTESHWA_400_4,0
GEN_184453_URIG-2_400_1,0
GEN_184453_URIG-2_400_2,0
GEN_184453_URIG-2_400_3,0
GEN_184453_URIG-2_400_4,0
GEN_184456_KARCHAMW_400_1,0
GEN_184456_KARCHAMW_400_2,0
GEN_184456_KARCHAMW_400_3,0
GEN_184456_KARCHAMW_400_4,0
GEN_184458_SHRECEM_400_1,0
GEN_184458_SHRECEM_400_2,0
GEN_184470_PARBT-II_400_1,0
GEN_184470_PARBT-II_400_2,0
GEN_184470_PARBT-II_400_3,0
GEN_184470_PARBT-II_400_4,0
GEN_184471_PARBTI-3_400_1,0
GEN_184471_PARBTI-3_400_2,0
GEN_184471_PARBTI-3_400_3,0
GEN_184471_PARBTI-3_400_4,0
GEN_184478_RAMPUR_400_1,0
GEN_184478_RAMPUR_400_2,0
GEN_184478_RAMPUR_400_3,0
GEN_184478_RAMPUR_400_4,0
GEN_184478_RAMPUR_400_5,0
GEN_184478_RAMPUR_400_6,0
GEN_184485_BAJOLIHOLI_400_1,0
GEN_184485_BAJOLIHOLI_400_2,0
GEN_184485_BAJOLIHOLI_400_3,0
GEN_184499_TEHRI4_400_1,0
GEN_184499_TEHRI4_400_2,0
GEN_184499_TEHRI4_400_3,0
GEN_184499_TEHRI4_400_4,0
GEN_184499_TEHRI4_400_5,0
GEN_184499_TEHRI4_400_6,0
GEN_184499_TEHRI4_400_7,0
GEN_184499_TEHRI4_400_8,0
GEN_184540_RATLE_400_1,0
GEN_184540_RATLE_400_2,0
GEN_184540_RATLE_400_3,0
GEN_184540_RATLE_400_4,0
GEN_184572_TANGU-ROMAI1_400_1,0
GEN_184572_TANGU-ROMAI1_400_2,0
GEN_184579_MIYAR_400_1,0
GEN_184579_MIYAR_400_2,0
GEN_184903_NATHPA4_400_1,0
GEN_184903_NATHPA4_400_2,0
GEN_184903_NATHPA4_400_3,0
GEN_184903_NATHPA4_400_4,0
GEN_184903_NATHPA4_400_5,0
GEN_184903_NATHPA4_400_6,0
GEN_184923_SINGRL4_400_1,0
GEN_184923_SINGRL4_400_2,0
GEN_184923_SINGRL4_400_3,0
GEN_184923_SINGRL4_400_4,0
GEN_184923_SINGRL4_400_5,0
GEN_184923_SINGRL4_400_6,0
GEN_184923_SINGRL4_400_7,0
GEN_186015_BHAKRA-L_66_1,0
GEN_186015_BHAKRA-L_66_2,0
GEN_191123_DHAKRANI_132_1,0
GEN_191123_DHAKRANI_132_2,0
GEN_191123_DHAKRANI_132_3,0
GEN_191137_KHATIMAH_132_1,0
GEN_191137_KHATIMAH_132_2,0
GEN_191137_KHATIMAH_132_3,0
GEN_191191_KALAGARH_132_1,0
GEN_191191_KALAGARH_132_2,0
GEN_191191_KALAGARH_132_3,0
GEN_191195_CHILLA-H_132_1,0
GEN_191195_CHILLA-H_132_2,0
GEN_191195_CHILLA-H_132_3,0
GEN_191195_CHILLA-H_132_4,0
GEN_191197_KULHALHE_132_1,0
GEN_191197_KULHALHE_132_2,0
GEN_191197_KULHALHE_132_3,0
GEN_191903_DHALIPUR_132_1,0
GEN_191903_DHALIPUR_132_2,0
GEN_191903_DHALIPUR_132_3,0
GEN_192050_JOSHIMATH_220_1,0
GEN_192051_ALAKNANDA_220_1,0
GEN_192053_KOTLIBHEL_220_1,0
GEN_192055_LATATAPOVAN_220_1,0
GEN_192055_LATATAPOVAN_220_2,0
GEN_192055_LATATAPOVAN_220_3,0
GEN_192058_SBHATWARI_220_1,0
GEN_192059_PHATABYUNG_220_1,0
GEN_192059_PHATABYUNG_220_2,0
GEN_192253_BHILANGA_220_1,0
GEN_192253_BHILANGA_220_2,0
GEN_192253_BHILANGA_220_3,0
GEN_192292_SHRAVANT_220_1,0
GEN_192292_SHRAVANT_220_2,0
GEN_192292_SHRAVANT_220_3,0
GEN_192298_MANERI_2_220_1,0
GEN_192298_MANERI_2_220_2,0
GEN_192298_MANERI_2_220_3,0
GEN_192298_MANERI_2_220_4,0
GEN_192299_CHIBRO-H_220_1,0
GEN_192299_CHIBRO-H_220_2,0
GEN_192299_CHIBRO-H_220_3,0
GEN_192299_CHIBRO-H_220_4,0
GEN_192600_MANERI_1_220_1,0
GEN_192600_MANERI_1_220_2,0
GEN_192600_MANERI_1_220_3,0
GEN_192902_KHODRIHE_220_1,0
GEN_192902_KHODRIHE_220_2,0
GEN_192902_KHODRIHE_220_3,0
GEN_192902_KHODRIHE_220_4,0
GEN_194056_TPVNVISHNUGD_400_1,0
GEN_194056_TPVNVISHNUGD_400_2,0
GEN_194056_TPVNVISHNUGD_400_3,0
GEN_194056_TPVNVISHNUGD_400_4,0
GEN_194060_SRAVANTHI_400_1,0
GEN_194410_SRINAGAR-HEP_400_1,0
GEN_194410_SRINAGAR-HEP_400_2,0
GEN_194410_SRINAGAR-HEP_400_3,0
GEN_194410_SRINAGAR-HEP_400_4,0
GEN_211145_KHANDONG1_132_1,0
GEN_211145_KHANDONG1_132_2,0
GEN_211350_PAILAPOL1_132_1,0
GEN_211350_PAILAPOL1_132_2,0
GEN_211370_DULLAVCH1_132_1,0
GEN_211370_DULLAVCH1_132_2,0
GEN_211450_LTPS1_132_1,0
GEN_211450_LTPS1_132_2,0
GEN_211450_LTPS1_132_3,0
GEN_211450_LTPS1_132_4,0
GEN_211450_LTPS1_132_5,0
GEN_211450_LTPS1_132_6,0
GEN_211450_LTPS1_132_7,0
GEN_211450_LTPS1_132_8,3770
GEN_211460_NTPS1_132_1,0
GEN_211460_NTPS1_132_2,0
GEN_211460_NTPS1_132_3,0
GEN_211460_NTPS1_132_4,0
GEN_211460_NTPS1_132_5,0
GEN_211460_NTPS1_132_6,0
GEN_212001_AGBPP2-AS_220_1,0
GEN_212001_AGBPP2-AS_220_2,0
GEN_212001_AGBPP2-AS_220_3,0
GEN_212001_AGBPP2-AS_220_4,0
GEN_212001_AGBPP2-AS_220_5,0
GEN_212001_AGBPP2-AS_220_6,0
GEN_212001_AGBPP2-AS_220_7,0
GEN_212001_AGBPP2-AS_220_8,0
GEN_212001_AGBPP2-AS_220_9,0
GEN_212150_KOPILI2_220_1,0
GEN_212150_KOPILI2_220_2,0
GEN_212150_KOPILI2_220_3,0
GEN_212150_KOPILI2_220_4,0
GEN_212440_LANGPI1_220_1,0
GEN_212440_LANGPI1_220_2,0
GEN_214051_BTPS4_400_1,0
GEN_214051_BTPS4_400_2,0
GEN_221150_PARE_132_1,0
GEN_221150_PARE_132_2,0
GEN_221460_RANGNADI1_132_1,0
GEN_221460_RANGNADI1_132_2,0
GEN_221460_RANGNADI1_132_3,0
GEN_224004_NYAMJUNGCHU_400_1,0
GEN_224004_NYAMJUNGCHU_400_2,0
GEN_224004_NYAMJUNGCHU_400_3,0
GEN_224004_NYAMJUNGCHU_400_4,0
GEN_224004_NYAMJUNGCHU_400_5,0
GEN_224323_KAMENG_400_1,0
GEN_224323_KAMENG_400_2,0
GEN_224325_L-SUBANSRI_400_1,0
GEN_224325_L-SUBANSRI_400_2,0
GEN_224325_L-SUBANSRI_400_3,0
GEN_224325_L-SUBANSRI_400_4,0
GEN_224325_L-SUBANSRI_400_5,0
GEN_224325_L-SUBANSRI_400_6,0
GEN_224325_L-SUBANSRI_400_7,0
GEN_224325_L-SUBANSRI_400_8,0
GEN_224414_ATHENADEMWE_400_1,0
GEN_224414_ATHENADEMWE_400_2,0
GEN_224414_ATHENADEMWE_400_3,0
GEN_224414_ATHENADEMWE_400_4,0
GEN_224414_ATHENADEMWE_400_5,0
GEN_231000_UMTRU1_132_1,0
GEN_231000_UMTRU1_132_2,0
GEN_231000_UMTRU1_132_3,0
GEN_231000_UMTRU1_132_4,0
GEN_231010_UMIAM1-1_132_1,0
GEN_231010_UMIAM1-1_132_2,0
GEN_231010_UMIAM1-1_132_3,0
GEN_231010_UMIAM1-1_132_4,0
GEN_231020_UMIAM2-1_132_1,0
GEN_231020_UMIAM2-1_132_2,0
GEN_231030_UMIAM3-1_132_1,0
GEN_231030_UMIAM3-1_132_2,0
GEN_231040_UMIAM4-1_132_1,0
GEN_231040_UMIAM4-1_132_2,0
GEN_231150_ADHUNIK1_132_1,0
GEN_231280_LESHKA1_132_1,0
GEN_231280_LESHKA1_132_2,0
GEN_231280_LESHKA1_132_3,0
GEN_231410_MPL_132_1,0
GEN_231410_MPL_132_2,0
GEN_241510_DOYANG1_132_1,0
GEN_241510_DOYANG1_132_2,0
GEN_241510_DOYANG1_132_3,0
GEN_246100_LIKIMARO1_66_1,0
GEN_246100_LIKIMARO1_66_2,0
GEN_246100_LIKIMARO1_66_3,0
GEN_251080_LOKTAK1_132_1,0
GEN_251080_LOKTAK1_132_2,0
GEN_251080_LOKTAK1_132_3,0
GEN_261020_KOLASIB1_132_1,0
GEN_261020_KOLASIB1_132_2,0
GEN_261020_KOLASIB1_132_3,0
GEN_261080_BAIRABI1_132_1,0
GEN_271080_TELIMURA1_132_1,0
GEN_271080_TELIMURA1_132_2,0
GEN_271080_TELIMURA1_132_3,0
GEN_271120_AGTPP1_132_1,0
GEN_271120_AGTPP1_132_2,0
GEN_271120_AGTPP1_132_3,0
GEN_271120_AGTPP1_132_4,0
GEN_271120_AGTPP1_132_5,0
GEN_271120_AGTPP1_132_6,0
GEN_271340_ROKHIA1_132_1,0
GEN_271340_ROKHIA1_132_2,0
GEN_271340_ROKHIA1_132_3,0
GEN_271600_MONARCHAK1_132_1,0
GEN_274080_PALATAN4_400_1,0
GEN_274080_PALATAN4_400_2,0
GEN_276360_ROKHIA6_66_1,0
GEN_276360_ROKHIA6_66_2,0
GEN_276400_GUMTI6_66_1,0
GEN_276400_GUMTI6_66_2,0
GEN_276400_GUMTI6_66_3,0
GEN_276430_BARAMRA6_66_1,0
GEN_276430_BARAMRA6_66_2,0
GEN_281104_KURICHU1_132_1,0
GEN_281104_KURICHU1_132_2,0
GEN_281104_KURICHU1_132_3,0
GEN_281104_KURICHU1_132_4,0
GEN_282205_DAGACHU2_220_1,0
GEN_282205_DAGACHU2_220_2,0
GEN_311004_HASDE1_132_1,0
GEN_311004_HASDE1_132_2,0
GEN_311004_HASDE1_132_3,0
GEN_311012_RAIGARH_132_1,0
GEN_311012_RAIGARH_132_2,0
GEN_311014_SILTARA_132_1,0
GEN_311034_KVK_132_1,0
GEN_311035_ARASMETA_132_1,0
GEN_311041_MONNET_R_132_1,0
GEN_311044_BAGRANG_132_1,0
GEN_311057_MAHA-CL_132_1,0
GEN_311084_SKS_132_1,0
GEN_311085_JAGDMBA_132_1,0
GEN_311086_GODVRI-P_132_1,0
GEN_311087_VANDANA_132_1,0
GEN_311088_NAKODA_132_1,0
GEN_311089_SHARD-EN_132_1,0
GEN_311092_HIRA-PL_132_1,0
GEN_311092_HIRA-PL_132_2,0
GEN_311092_HIRA-PL_132_3,0
GEN_311093_BAJRNG-P_132_1,0
GEN_311095_ARYAN-CL_132_1,0
GEN_311096_CSPL_132_1,0
GEN_311097_PIL_132_1,0
GEN_311103_MSP-STL_132_1,0
GEN_311105_RL-I-LTD_132_1,0
GEN_311113_MONNET-M_132_1,0
GEN_311114_SALASAR_132_1,0
GEN_311115_SPECTRUM-CL_132_1,0
GEN_311115_SPECTRUM-CL_132_2,0
GEN_312001_KORBE2_220_1,0
GEN_312001_KORBE2_220_2,0
GEN_312001_KORBE2_220_3,0
GEN_312001_KORBE2_220_4,0
GEN_312001_KORBE2_220_5,0
GEN_312001_KORBE2_220_6,0
GEN_312003_KORBW2_220_1,0
GEN_312003_KORBW2_220_2,0
GEN_312011_SILTARA_220_1,0
GEN_312013_JINB2-2_220_4,0
GEN_312014_KORBAEXT_220_1,0
GEN_312014_KORBAEXT_220_2,0
GEN_312019_BALCO2_220_1,0
GEN_312019_BALCO2_220_2,0
GEN_312019_BALCO2_220_3,0
GEN_312019_BALCO2_220_4,0
GEN_312020_JSPCL2_220_1,0
GEN_312032_BALCO_220_1,0
GEN_312035_DCPP_JS_220_1,0
GEN_312035_DCPP_JS_220_2,0
GEN_312036_DCPP_JS_220_1,0
GEN_312036_DCPP_JS_220_2,0
GEN_314001_KNTPC4_400_1,0
GEN_314001_KNTPC4_400_2,0
GEN_314001_KNTPC4_400_3,0
GEN_314001_KNTPC4_400_4,0
GEN_314001_KNTPC4_400_5,0
GEN_314001_KNTPC4_400_6,0
GEN_314001_KNTPC4_400_7,0
GEN_314003_KORBW4_400_3,0
GEN_314003_KORBW4_400_4,0
GEN_314003_KORBW4_400_5,0
GEN_314007_NSPCL4_400_1,0
GEN_314007_NSPCL4_400_2,0
GEN_314009_KSKMAHNADI_400_1,0
GEN_314009_KSKMAHNADI_400_2,0
GEN_314009_KSKMAHNADI_400_3,0
GEN_314009_KSKMAHNADI_400_4,0
GEN_314009_KSKMAHNADI_400_5,0
GEN_314009_KSKMAHNADI_400_6,0
GEN_314010_PATH4_400_1,0
GEN_314010_PATH4_400_2,0
GEN_314012_MCCPL_400_1,0
GEN_314014_JIN4-B1_400_1,0
GEN_314014_JIN4-B1_400_2,0
GEN_314014_JIN4-B1_400_3,0
GEN_314018_ARYN_CBL_400_1,0
GEN_314018_ARYN_CBL_400_2,0
GEN_314019_BALCO_400_1,0
GEN_314019_BALCO_400_2,0
GEN_314020_VANDANA_400_1,0
GEN_314020_VANDANA_400_2,0
GEN_314022_MARWA_400_1,0
GEN_314022_MARWA_400_2,0
GEN_314023_KWPCL_400_1,0
GEN_314023_KWPCL_400_2,0
GEN_314026_DBPOWER_400_1,0
GEN_314026_DBPOWER_400_2,0
GEN_314027_JPL_EXTN_400_1,0
GEN_314027_JPL_EXTN_400_2,0
GEN_314027_JPL_EXTN_400_3,0
GEN_314027_JPL_EXTN_400_4,0
GEN_314039_RKM_400_1,0
GEN_314039_RKM_400_2,0
GEN_314039_RKM_400_3,0
GEN_314039_RKM_400_4,0
GEN_314040_ATHENA_400_1,0
GEN_314040_ATHENA_400_2,0
GEN_314041_SKS_400_1,0
GEN_314041_SKS_400_2,0
GEN_314041_SKS_400_3,0
GEN_314041_SKS_400_4,0
GEN_314042_VISAPOWER_400_1,0
GEN_314044_GMR_400_1,0
GEN_314044_GMR_400_2,0
GEN_314045_LARASTPP_400_1,0
GEN_314047_KPCL_400_1,0
GEN_318007_SIPAT7_765_1,0
GEN_318007_SIPAT7_765_2,0
GEN_318007_SIPAT7_765_3,0
GEN_318007_SIPAT7_765_4,0
GEN_318007_SIPAT7_765_5,0
GEN_351008_DHUV1_132_G1,0
GEN_351008_DHUV1_132_G2,0
GEN_351008_DHUV1_132_G3,0
GEN_351008_DHUV1_132_G4,0
GEN_351008_DHUV1_132_G5,0
GEN_351015_SIKKA1_132_1,0
GEN_351015_SIKKA1_132_2,0
GEN_351023_AECOM1_132_C,0
GEN_351023_AECOM1_132_D,0
GEN_351023_AECOM1_132_E,0
GEN_351023_AECOM1_132_F,0
GEN_351023_AECOM1_132_G1,0
GEN_351023_AECOM1_132_G2,0
GEN_351023_AECOM1_132_G3,0
GEN_351024_GIPCL1_132_G1,0
GEN_351024_GIPCL1_132_G2,0
GEN_351024_GIPCL1_132_G3,0
GEN_351024_GIPCL1_132_G4,0
GEN_351024_GIPCL1_132_G5,0
GEN_351024_GIPCL1_132_G6,0
GEN_352002_GANCS2_220_G1,0
GEN_352002_GANCS2_220_G2,0
GEN_352002_GANCS2_220_G3,0
GEN_352002_GANCS2_220_GT,0
GEN_352004_WANAK2_220_1,0
GEN_352004_WANAK2_220_2,0
GEN_352004_WANAK2_220_3,0
GEN_352007_UKAIT2_220_1,0
GEN_352007_UKAIT2_220_2,0
GEN_352007_UKAIT2_220_3,0
GEN_352007_UKAIT2_220_4,0
GEN_352007_UKAIT2_220_5,0
GEN_352009_GPEC2_220_G1,0
GEN_352009_GPEC2_220_G2,0
GEN_352009_GPEC2_220_G3,0
GEN_352009_GPEC2_220_GT,0
GEN_352011_SSP2_220_1,0
GEN_352011_SSP2_220_2,0
GEN_352011_SSP2_220_3,0
GEN_352011_SSP2_220_4,0
GEN_352011_SSP2_220_5,0
GEN_352015_MUNDRA2_220_1,0
GEN_352015_MUNDRA2_220_2,0
GEN_352023_GANDHINGR_220_1,0
GEN_352023_GANDHINGR_220_2,0
GEN_352023_GANDHINGR_220_3,0
GEN_352023_GANDHINGR_220_4,0
GEN_352023_GANDHINGR_220_5,0
GEN_352026_CHATR2_220_S2,0
GEN_352038_KADANAHPS_220_1,0
GEN_352038_KADANAHPS_220_2,0
GEN_352038_KADANAHPS_220_3,0
GEN_352038_KADANAHPS_220_4,0
GEN_352038_KADANAHPS_220_P_1,0
GEN_352038_KADANAHPS_220_P_2,0
GEN_352038_KADANAHPS_220_P_3,0
GEN_352038_KADANAHPS_220_P_4,0
GEN_352045_UKAIH2_220_1,0
GEN_352045_UKAIH2_220_2,0
GEN_352045_UKAIH2_220_3,0
GEN_352045_UKAIH2_220_4,0
GEN_352046_UTRAN2_220_G1,0
GEN_352046_UTRAN2_220_G2,0
GEN_352046_UTRAN2_220_G3,0
GEN_352046_UTRAN2_220_G4,0
GEN_352046_UTRAN2_220_G5,0
GEN_352046_UTRAN2_220_G6,0
GEN_352053_KUTCHLIG_220_1,0
GEN_352053_KUTCHLIG_220_2,0
GEN_352053_KUTCHLIG_220_3,0
GEN_352053_KUTCHLIG_220_4,0
GEN_352060_ESSAR2_220_G1,0
GEN_352060_ESSAR2_220_G2,0
GEN_352060_ESSAR2_220_G3,0
GEN_352060_ESSAR2_220_GT,0
GEN_352073_AKRIM_220_1,0
GEN_352073_AKRIM_220_2,0
GEN_352077_KAWAS2_220_G1,0
GEN_352077_KAWAS2_220_G2,0
GEN_352077_KAWAS2_220_G3,0
GEN_352077_KAWAS2_220_G4,0
GEN_352077_KAWAS2_220_G5,0
GEN_352077_KAWAS2_220_G6,0
GEN_352078_KAKRA2_220_1,2330
GEN_352078_KAKRA2_220_2,2330
GEN_352088_GSEG_220_G1,0
GEN_352088_GSEG_220_G2,0
GEN_352088_GSEG_220_GT,0
GEN_352090_GACL_220_1,0
GEN_352090_GACL_220_2,0
GEN_352090_GACL_220_GT,0
GEN_352095_SURATLIGNIT_220_1,0
GEN_352095_SURATLIGNIT_220_2,0
GEN_352095_SURATLIGNIT_220_3,0
GEN_352095_SURATLIGNIT_220_4,0
GEN_352130_HAZR-EXT_220_GT,0
GEN_352131_PIPAVAV_220_1,0
GEN_352137_OPGPOWER_220_1,0
GEN_354004_WANAK4_400_1,0
GEN_354004_WANAK4_400_2,0
GEN_354004_WANAK4_400_3,0
GEN_354004_WANAK4_400_4,0
GEN_354004_WANAK4_400_8,0
GEN_354007_UKAI4_400_6,0
GEN_354011_SSP4_400_1,0
GEN_354011_SSP4_400_2,0
GEN_354011_SSP4_400_3,0
GEN_354011_SSP4_400_4,0
GEN_354011_SSP4_400_5,0
GEN_354011_SSP4_400_6,0
GEN_354011_SSP4_400_P_1,0
GEN_354011_SSP4_400_P_2,0
GEN_354011_SSP4_400_P_3,0
GEN_354011_SSP4_400_P_4,0
GEN_354011_SSP4_400_P_5,0
GEN_354011_SSP4_400_P_6,0
GEN_354012_SUGEN4_400_G1,0
GEN_354012_SUGEN4_400_G2,0
GEN_354012_SUGEN4_400_G3,0
GEN_354015_MUNDRA4_400_3,0
GEN_354015_MUNDRA4_400_4,0
GEN_354015_MUNDRA4_400_5,0
GEN_354015_MUNDRA4_400_6,0
GEN_354015_MUNDRA4_400_7,0
GEN_354015_MUNDRA4_400_8,0
GEN_354015_MUNDRA4_400_9,0
GEN_354023_CGPL_400_1,0
GEN_354023_CGPL_400_2,0
GEN_354023_CGPL_400_3,0
GEN_354023_CGPL_400_4,0
GEN_354023_CGPL_400_5,0
GEN_354026_VADINAR_400_1,0
GEN_354026_VADINAR_400_2,0
GEN_354032_SUGEN-UN_400_G1,0
GEN_354033_DGEN_400_1,0
GEN_354033_DGEN_400_2,0
GEN_354033_DGEN_400_3,0
GEN_361002_GSAGA1_132_1,0
GEN_361002_GSAGA1_132_2,0
GEN_361002_GSAGA1_132_3,0
GEN_361002_GSAGA1_132_4,0
GEN_361002_GSAGA1_132_5,0
GEN_361007_PENCH1_132_1,0
GEN_361007_PENCH1_132_2,0
GEN_361028_BARGI1_132_1,0
GEN_361028_BARGI1_132_2,0
GEN_361029_AMK132_132_1,0
GEN_361029_AMK132_132_2,0
GEN_361033_RAJGHAT_132_1,0
GEN_361033_RAJGHAT_132_2,0
GEN_361033_RAJGHAT_132_3,0
GEN_361112_CHAPDA_132_1,0
GEN_361146_MADIKHED_132_1,0
GEN_361146_MADIKHED_132_2,0
GEN_361177_BANSGR-2_132_1,0
GEN_361177_BANSGR-2_132_2,0
GEN_361199_BANSGR-3_132_1,0
GEN_361199_BANSGR-3_132_2,0
GEN_361199_BANSGR-3_132_3,0
GEN_361201_BANSGR-4_132_1,0
GEN_361201_BANSGR-4_132_2,0
GEN_361227_BLA-TPS_132_1,0
GEN_361227_BLA-TPS_132_2,0
GEN_362003_SAT2_220_6,0
GEN_362003_SAT2_220_7,0
GEN_362017_BIRST2_220_1,0
GEN_362017_BIRST2_220_2,0
GEN_362017_BIRST2_220_3,0
GEN_362026_AMARK2_220_1,0
GEN_362026_AMARK2_220_2,0
GEN_362026_AMARK2_220_3,0
GEN_362028_BANSG-I_220_1,0
GEN_362028_BANSG-I_220_2,0
GEN_362028_BANSG-I_220_3,0
GEN_362046_OMKSR_220_1,0
GEN_362046_OMKSR_220_2,0
GEN_362046_OMKSR_220_3,0
GEN_362046_OMKSR_220_4,0
GEN_362046_OMKSR_220_5,0
GEN_362046_OMKSR_220_6,0
GEN_362046_OMKSR_220_7,0
GEN_362046_OMKSR_220_8,0
GEN_362067_BIRSNG-H_220_1,0
GEN_364003_SATPU4_400_10,0
GEN_364003_SATPU4_400_11,0
GEN_364003_SATPU4_400_8,0
GEN_364003_SATPU4_400_9,0
GEN_364006_INDSGR4_400_1,0
GEN_364006_INDSGR4_400_2,0
GEN_364006_INDSGR4_400_3,0
GEN_364006_INDSGR4_400_4,0
GEN_364006_INDSGR4_400_5,0
GEN_364006_INDSGR4_400_6,0
GEN_364006_INDSGR4_400_7,0
GEN_364006_INDSGR4_400_8,0
GEN_364008_VINDH_W4_400_1,0
GEN_364008_VINDH_W4_400_10,0
GEN_364008_VINDH_W4_400_2,0
GEN_364008_VINDH_W4_400_3,0
GEN_364008_VINDH_W4_400_4,0
GEN_364008_VINDH_W4_400_5,0
GEN_364008_VINDH_W4_400_6,0
GEN_364008_VINDH_W4_400_7,0
GEN_364008_VINDH_W4_400_8,0
GEN_364008_VINDH_W4_400_9,0
GEN_364022_VINDH-IV-V_400_1,0
GEN_364027_MAHAN_400_1,0
GEN_364027_MAHAN_400_2,0
GEN_364028_JP-BINA_400_1,0
GEN_364028_JP-BINA_400_2,0
GEN_364030_MALWA_400_1,0
GEN_364030_MALWA_400_2,0
GEN_364033_NIGRI_400_1,0
GEN_364033_NIGRI_400_2,0
GEN_364034_ANUPPUR_400_1,0
GEN_364034_ANUPPUR_400_2,0
GEN_364038_JHABUAPOWER_400_1,0
GEN_364038_JHABUAPOWER_400_2,0
GEN_364083_REWAUMSPP_400_S,0
GEN_368024_SASAN_765_1,0
GEN_368024_SASAN_765_2,0
GEN_368024_SASAN_765_3,0
GEN_368024_SASAN_765_4,0
GEN_368024_SASAN_765_5,0
GEN_368024_SASAN_765_6,0
GEN_368027_GADARWARAST_765_1,0
GEN_368027_GADARWARAST_765_2,0
GEN_368039_DWARKESH_400_1,0
GEN_368039_DWARKESH_400_2,0
GEN_368040_KHARGONE_400_1,0
GEN_368040_KHARGONE_400_2,0
GEN_371006_BHUSA1_132_2,0
GEN_371006_BHUSA1_132_3,0
GEN_371085_KHAPRALE_132_1,0
GEN_371085_KHAPRALE_132_2,0
GEN_371119_BHANDHR_132_1,0
GEN_371119_BHANDHR_132_2,0
GEN_371155_DAUND_132_1,0
GEN_371165_VAITRAN_132_1,0
GEN_371212_VIR-HYDR_132_1,0
GEN_371212_VIR-HYDR_132_2,0
GEN_371215_ELDARI_132_1,0
GEN_371215_ELDARI_132_2,0
GEN_371215_ELDARI_132_3,0
GEN_371231_BHATGHAR_132_1,0
GEN_371246_MUKHED_132_1,0
GEN_371272_VARASGN_132_1,0
GEN_371277_MANDRUP_132_1,0
GEN_371286_PANSHET_132_1,0
GEN_371289_UJANI-HY_132_1,0
GEN_371306_BHIPU1_100_1,0
GEN_371306_BHIPU1_100_2,0
GEN_371306_BHIPU1_100_3,0
GEN_371306_BHIPU1_100_4,0
GEN_371306_BHIPU1_100_5,0
GEN_371306_BHIPU1_100_6,0
GEN_371311_KHOPO1_100_1,0
GEN_371311_KHOPO1_100_2,0
GEN_371311_KHOPO1_100_3,0
GEN_371311_KHOPO1_100_4,0
GEN_371311_KHOPO1_100_5,0
GEN_371311_KHOPO1_100_6,0
GEN_371311_KHOPO1_100_7,0
GEN_371311_KHOPO1_100_8,0
GEN_372005_PARLI2_220_3,0
GEN_372005_PARLI2_220_4,0
GEN_372005_PARLI2_220_5,0
GEN_372005_PARLI2_220_6,0
GEN_372005_PARLI2_220_7,0
GEN_372006_CHAND2_220_1,0
GEN_372007_TAPS2_220_1,970
GEN_372007_TAPS2_220_2,970
GEN_372009_KORAD2_220_5,0
GEN_372024_URAN2_220_5,0
GEN_372024_URAN2_220_6,0
GEN_372024_URAN2_220_G1,0
GEN_372024_URAN2_220_G2,0
GEN_372024_URAN2_220_G3,0
GEN_372024_URAN2_220_G4,0
GEN_372026_BARAMATI_220_1,0
GEN_372034_KOY3-PEDAMBE_220_1,0
GEN_372034_KOY3-PEDAMBE_220_2,0
GEN_372034_KOY3-PEDAMBE_220_3,0
GEN_372034_KOY3-PEDAMBE_220_4,0
GEN_372040_KOY12-PHOPLI_220_1,0
GEN_372040_KOY12-PHOPLI_220_2,0
GEN_372040_KOY12-PHOPLI_220_3,0
GEN_372040_KOY12-PHOPLI_220_4,0
GEN_372040_KOY12-PHOPLI_220_5,0
GEN_372040_KOY12-PHOPLI_220_6,0
GEN_372040_KOY12-PHOPLI_220_7,0
GEN_372040_KOY12-PHOPLI_220_8,0
GEN_372043_TILLA2_220_1,0
GEN_372046_WARDH2_220_1,0
GEN_372046_WARDH2_220_2,0
GEN_372050_CHALI2_220_1,3770
GEN_372051_NASIK2_220_1,0
GEN_372051_NASIK2_220_2,0
GEN_372051_NASIK2_220_3,0
GEN_372051_NASIK2_220_4,0
GEN_372051_NASIK2_220_5,0
GEN_372052_TROMB2_220_5,0
GEN_372052_TROMB2_220_6,0
GEN_372052_TROMB2_220_7,0
GEN_372052_TROMB2_220_8,0
GEN_372052_TROMB2_220_G1,0
GEN_372053_KKHED2_220_1,0
GEN_372053_KKHED2_220_2,0
GEN_372053_KKHED2_220_3,0
GEN_372053_KKHED2_220_4,0
GEN_372088_KDPH22_220_1,0
GEN_372088_KDPH22_220_2,0
GEN_372089_BHIRA2_220_7,0
GEN_372090_DAHAN2_220_1,0
GEN_372090_DAHAN2_220_2,0
GEN_372105_BHIRA_220_1,0
GEN_372105_BHIRA_220_2,0
GEN_372111_PARAS_220_3,0
GEN_372111_PARAS_220_4,0
GEN_372145_GHATGR_220_1,0
GEN_372145_GHATGR_220_2,0
GEN_372170_PAWAS_220_1,0
GEN_372184_INDORAM_220_1,0
GEN_372187_CHND-MDC_220_1,0
GEN_372188_MATRDEV_220_1,0
GEN_372190_FINOLEX_220_1,0
GEN_372195_KSK-WRDH_220_1,0
GEN_372195_KSK-WRDH_220_2,0
GEN_372195_KSK-WRDH_220_3,0
GEN_372195_KSK-WRDH_220_4,0
GEN_372203_VIDARBHA_220_1,0
GEN_372203_VIDARBHA_220_2,0
GEN_372204_ABHI-NG_220_1,0
GEN_372204_ABHI-NG_220_2,0
GEN_372204_ABHI-NG_220_3,0
GEN_372204_ABHI-NG_220_4,0
GEN_374006_CHNDR4_400_2,0
GEN_374006_CHNDR4_400_3,0
GEN_374006_CHNDR4_400_4,0
GEN_374006_CHNDR4_400_5,0
GEN_374006_CHNDR4_400_6,0
GEN_374006_CHNDR4_400_7,0
GEN_374009_KORADI-I_400_1,0
GEN_374009_KORADI-I_400_2,0
GEN_374017_TAPS4_400_1,970
GEN_374017_TAPS4_400_2,970
GEN_374023_JAIGAD_400_1,0
GEN_374023_JAIGAD_400_2,0
GEN_374023_JAIGAD_400_3,0
GEN_374023_JAIGAD_400_4,0
GEN_374024_RGPPL_400_1,0
GEN_374024_RGPPL_400_2,0
GEN_374024_RGPPL_400_3,0
GEN_374024_RGPPL_400_4,0
GEN_374026_KOY4-4_400_1,0
GEN_374026_KOY4-4_400_2,0
GEN_374026_KOY4-4_400_3,0
GEN_374026_KOY4-4_400_4,0
GEN_374027_K-KHD-NEW_400_5,0
GEN_374030_BHUSAWAL-II_400_4,0
GEN_374030_BHUSAWAL-II_400_5,0
GEN_374031_MAUDA_400_1,0
GEN_374031_MAUDA_400_2,0
GEN_374031_MAUDA_400_3,0
GEN_374031_MAUDA_400_4,0
GEN_374032_TIRODA_400_1,0
GEN_374032_TIRODA_400_2,0
GEN_374032_TIRODA_400_3,0
GEN_374034_EMCO_400_1,0
GEN_374034_EMCO_400_2,0
GEN_374035_IEPL_400_1,0
GEN_374035_IEPL_400_2,0
GEN_374036_AMRAVATIIBL_400_1,0
GEN_374036_AMRAVATIIBL_400_10,0
GEN_374036_AMRAVATIIBL_400_2,0
GEN_374036_AMRAVATIIBL_400_3,0
GEN_374036_AMRAVATIIBL_400_4,0
GEN_374036_AMRAVATIIBL_400_5,0
GEN_374036_AMRAVATIIBL_400_6,0
GEN_374036_AMRAVATIIBL_400_7,0
GEN_374036_AMRAVATIIBL_400_8,0
GEN_374036_AMRAVATIIBL_400_9,0
GEN_374037_CHANDRPR-II_400_8,0
GEN_374037_CHANDRPR-II_400_9,0
GEN_374038_KORADI-II_400_10,0
GEN_374039_DHARIWAL_400_1,0
GEN_374055_SINNARTPP_400_1,0
GEN_374055_SINNARTPP_400_10,0
GEN_374055_SINNARTPP_400_2,0
GEN_374090_SOLAPURSTPP_400_1,0
GEN_374090_SOLAPURSTPP_400_2,0
GEN_374092_LANCOVIDARB_400_1,0
GEN_374092_LANCOVIDARB_400_2,0
GEN_378032_TIRODA_765_1,0
GEN_378032_TIRODA_765_2,0
GEN_410001_KAHALG_15.75_1,0
GEN_410001_KAHALG_15.75_2,0
GEN_411025_BARAUNI_132_1,0
GEN_411025_BARAUNI_132_2,0
GEN_412001_KANTI_220_1,0
GEN_412025_BARAUNI_220_1,0
GEN_412025_BARAUNI_220_2,0
GEN_414010_KAHALGAON-B_400_1,0
GEN_414010_KAHALGAON-B_400_2,0
GEN_414010_KAHALGAON-B_400_3,0
GEN_414020_NABINAGAR-I_400_1,0
GEN_414020_NABINAGAR-I_400_2,0
GEN_414031_NABINAGAR-II_400_1,0
GEN_414031_NABINAGAR-II_400_2,0
GEN_414031_NABINAGAR-II_400_3,0
GEN_414052_BARH-I_400_1,0
GEN_414052_BARH-I_400_2,0
GEN_414052_BARH-I_400_3,0
GEN_414102_BARH-II_400_4,0
GEN_414102_BARH-II_400_5,0
GEN_420001_TALCHRG_21_1,0
GEN_420001_TALCHRG_21_2,0
GEN_420001_TALCHRG_21_3,0
GEN_420001_TALCHRG_21_4,0
GEN_420002_TALCHRG_21_5,0
GEN_420002_TALCHRG_21_6,0
GEN_421008_TALCHER-OD_132_1,0
GEN_421008_TALCHER-OD_132_2,0
GEN_421008_TALCHER-OD_132_3,0
GEN_421008_TALCHER-OD_132_4,0
GEN_421011_HIRAKD-BURLA_132_1,0
GEN_421011_HIRAKD-BURLA_132_2,0
GEN_421011_HIRAKD-BURLA_132_3,0
GEN_421011_HIRAKD-BURLA_132_4,0
GEN_421011_HIRAKD-BURLA_132_5,0
GEN_421011_HIRAKD-BURLA_132_6,0
GEN_421011_HIRAKD-BURLA_132_7,0
GEN_421521_CHIPLIMA_132_1,0
GEN_421521_CHIPLIMA_132_2,0
GEN_421521_CHIPLIMA_132_3,0
GEN_421535_ICCL1_132_1,0
GEN_421535_ICCL1_132_2,0
GEN_421602_HINDALCO_132_1,0
GEN_421603_NBVLBSSL_132_1,0
GEN_422001_INDRAVATI_220_1,0
GEN_422001_INDRAVATI_220_2,0
GEN_422001_INDRAVATI_220_3,0
GEN_422001_INDRAVATI_220_4,0
GEN_422002_BALIMELA_220_1,0
GEN_422002_BALIMELA_220_2,0
GEN_422002_BALIMELA_220_3,0
GEN_422002_BALIMELA_220_4,0
GEN_422002_BALIMELA_220_5,0
GEN_422002_BALIMELA_220_6,0
GEN_422002_BALIMELA_220_7,0
GEN_422003_UPKOLAB_220_1,0
GEN_422003_UPKOLAB_220_2,0
GEN_422003_UPKOLAB_220_3,0
GEN_422003_UPKOLAB_220_4,0
GEN_422008_TALCHER-OD_220_1,0
GEN_422008_TALCHER-OD_220_2,0
GEN_422010_RENGL-PS_220_1,0
GEN_422010_RENGL-PS_220_2,0
GEN_422010_RENGL-PS_220_3,0
GEN_422010_RENGL-PS_220_4,0
GEN_422010_RENGL-PS_220_5,0
GEN_422020_IBTPS2_220_1,0
GEN_422020_IBTPS2_220_2,0
GEN_422030_NALCO2_220_1,0
GEN_422030_NALCO2_220_2,0
GEN_422030_NALCO2_220_3,0
GEN_422030_NALCO2_220_4,0
GEN_422030_NALCO2_220_5,0
GEN_422030_NALCO2_220_6,0
GEN_422030_NALCO2_220_7,0
GEN_422030_NALCO2_220_8,0
GEN_422030_NALCO2_220_9,0
GEN_422605_BSSL_220_1,0
GEN_422606_JINSTL_220_1,0
GEN_422606_JINSTL_220_2,0
GEN_422607_TSIL_220_1,0
GEN_422609_STERLT2_220_2,0
GEN_422610_VEDANT_220_1,0
GEN_422610_VEDANT_220_2,0
GEN_422610_VEDANT_220_3,0
GEN_422610_VEDANT_220_4,0
GEN_422610_VEDANT_220_5,0
GEN_422610_VEDANT_220_6,0
GEN_422610_VEDANT_220_7,0
GEN_424023_KVK_400_1,0
GEN_424023_KVK_400_2,0
GEN_424023_KVK_400_3,0
GEN_424026_MONNET_400_1,0
GEN_424026_MONNET_400_2,0
GEN_424027_STERLITE_400_1,0
GEN_424027_STERLITE_400_2,0
GEN_424027_STERLITE_400_3,0
GEN_424027_STERLITE_400_4,0
GEN_424028_LANCOBDN_400_1,0
GEN_424028_LANCOBDN_400_2,0
GEN_424029_GMR_400_1,0
GEN_424029_GMR_400_2,0
GEN_424029_GMR_400_3,0
GEN_424029_GMR_400_4,0
GEN_424030_JINDAL-JITPL_400_1,0
GEN_424030_JINDAL-JITPL_400_2,0
GEN_424118_TALCHER-III_400_1,0
GEN_428072_DARLIPALLI_765_1,0
GEN_428072_DARLIPALLI_765_2,0
GEN_431018_MAITHON-HYDR_132_1,0
GEN_431018_MAITHON-HYDR_132_2,0
GEN_431018_MAITHON-HYDR_132_3,0
GEN_431019_PANCHET-HYDR_132_1,0
GEN_431019_PANCHET-HYDR_132_2,0
GEN_431019_PANCHET-HYDR_132_P_1,0
GEN_431107_CHANDRPR-TPS_132_1,0
GEN_431107_CHANDRPR-TPS_132_2,0
GEN_431107_CHANDRPR-TPS_132_3,0
GEN_432001_BOKARO-TPS_220_1,0
GEN_432001_BOKARO-TPS_220_2,0
GEN_432001_BOKARO-TPS_220_3,0
GEN_432007_CHANDRPR-TPS_220_4,0
GEN_432007_CHANDRPR-TPS_220_5,0
GEN_432020_MEJIA2_220_1,0
GEN_432020_MEJIA2_220_2,0
GEN_432020_MEJIA2_220_3,0
GEN_432020_MEJIA2_220_4,0
GEN_432020_MEJIA2_220_5,0
GEN_432020_MEJIA2_220_6,0
GEN_432212_WARIA2_220_1,0
GEN_432212_WARIA2_220_2,0
GEN_434002_DTPS_400_1,0
GEN_434002_DTPS_400_2,0
GEN_434003_MEJIA-B_400_1,0
GEN_434003_MEJIA-B_400_2,0
GEN_434005_KODERMA_400_1,0
GEN_434005_KODERMA_400_2,0
GEN_434006_RAGHUNATH_400_1,0
GEN_434035_MAITHON-RB_400_1,0
GEN_434035_MAITHON-RB_400_2,0
GEN_441001_BANDEL-TPS_132_1,0
GEN_441001_BANDEL-TPS_132_2,0
GEN_441001_BANDEL-TPS_132_3,0
GEN_441001_BANDEL-TPS_132_4,0
GEN_441001_BANDEL-TPS_132_5,0
GEN_441017_DPL_132_1,0
GEN_441017_DPL_132_2,0
GEN_441017_DPL_132_3,0
GEN_441017_DPL_132_4,0
GEN_441017_DPL_132_5,0
GEN_441061_RAMMAM-II_132_1,0
GEN_441061_RAMMAM-II_132_2,0
GEN_441119_SUBARNAKA_132_1,0
GEN_441119_SUBARNAKA_132_2,0
GEN_441627_TCF-2_132_1,0
GEN_441629_TCF-3_132_1,0
GEN_441641_BUDGEBUDGE_132_1,0
GEN_441641_BUDGEBUDGE_132_2,0
GEN_442012_KTPS220_220_1,0
GEN_442012_KTPS220_220_2,0
GEN_442012_KTPS220_220_3,0
GEN_442023_BAKRESWAR_220_3,0
GEN_442023_BAKRESWAR_220_4,0
GEN_442023_BAKRESWAR_220_5,0
GEN_442028_SANTLDI_220_1,0
GEN_442028_SANTLDI_220_2,0
GEN_442028_SANTLDI_220_3,0
GEN_442028_SANTLDI_220_4,0
GEN_442028_SANTLDI_220_5,0
GEN_442028_SANTLDI_220_6,0
GEN_442090_TSTLD-3_220_1,0
GEN_442090_TSTLD-3_220_2,0
GEN_442090_TSTLD-3_220_3,0
GEN_442090_TSTLD-3_220_4,0
GEN_442657_BUDGEBU-TPS_220_1,0
GEN_444010_SAGARDIGHI_4_400_1,0
GEN_444010_SAGARDIGHI_4_400_2,0
GEN_444013_HALDIA-TPS_400_1,0
GEN_444013_HALDIA-TPS_400_2,0
GEN_444023_BAKRASWR_400_1,0
GEN_444023_BAKRASWR_400_2,0
GEN_444075_PURULIAPS_400_1,0
GEN_444075_PURULIAPS_400_2,0
GEN_444075_PURULIAPS_400_3,0
GEN_444075_PURULIAPS_400_4,0
GEN_471526_JOJOBE_132_1,0
GEN_471526_JOJOBE_132_2,0
GEN_471526_JOJOBE_132_3,0
GEN_472012_PATRATU2_220_5,0
GEN_472012_PATRATU2_220_6,0
GEN_472012_PATRATU2_220_7,0
GEN_472012_PATRATU2_220_8,0
GEN_472012_PATRATU2_220_9,0
GEN_472214_TENUGHAT2_220_1,0
GEN_472214_TENUGHAT2_220_2,0
GEN_474023_CORPORATE-I_400_1,0
GEN_474023_CORPORATE-I_400_2,0
GEN_474024_ADHUNIK_400_1,0
GEN_474024_ADHUNIK_400_2,0
GEN_474050_NORTHKARNPRA_400_1,0
GEN_474050_NORTHKARNPRA_400_2,0
GEN_491006_BHASMEY_132_1,0
GEN_491006_BHASMEY_132_2,0
GEN_491006_BHASMEY_132_3,0
GEN_491035_DIKCHU_132_1,0
GEN_491035_DIKCHU_132_2,0
GEN_491035_DIKCHU_132_3,0
GEN_491060_RANGIT-3_132_1,0
GEN_492003_RANGIT4_220_1,0
GEN_492003_RANGIT4_220_2,0
GEN_492003_RANGIT4_220_3,0
GEN_492007_RONGNCHU_220_1,0
GEN_492007_RONGNCHU_220_2,0
GEN_492008_TASHIDIN_220_1,0
GEN_492008_TASHIDIN_220_2,0
GEN_494001_TEESTA3_400_1,0
GEN_494001_TEESTA3_400_2,0
GEN_494001_TEESTA3_400_3,0
GEN_494001_TEESTA3_400_4,0
GEN_494001_TEESTA3_400_5,0
GEN_494012_PANANHIMGRI_400_1,0
GEN_494012_PANANHIMGRI_400_2,0
GEN_494012_PANANHIMGRI_400_3,0
GEN_494012_PANANHIMGRI_400_4,0
GEN_494070_TEESTA-5_400_1,0
GEN_494070_TEESTA-5_400_2,0
GEN_494070_TEESTA-5_400_3,0
GEN_511001_RSTP_132_1,0
GEN_511079_KRPL_132_1,0
GEN_512001_RMGD_220_S,0
GEN_512003_NSAG_220_1,0
GEN_512003_NSAG_220_10,0
GEN_512003_NSAG_220_2,0
GEN_512003_NSAG_220_3,0
GEN_512003_NSAG_220_4,0
GEN_512003_NSAG_220_5,0
GEN_512003_NSAG_220_6,0
GEN_512003_NSAG_220_7,0
GEN_512003_NSAG_220_8,0
GEN_512003_NSAG_220_9,0
GEN_512003_NSAG_220_P_1,0
GEN_512003_NSAG_220_P_2,0
GEN_512003_NSAG_220_P_3,0
GEN_512003_NSAG_220_P_4,0
GEN_512003_NSAG_220_P_5,0
GEN_512003_NSAG_220_P_6,0
GEN_512003_NSAG_220_P_7,0
GEN_512005_VIJA_220_1,0
GEN_512005_VIJA_220_2,0
GEN_512005_VIJA_220_3,0
GEN_512005_VIJA_220_4,0
GEN_512005_VIJA_220_5,0
GEN_512005_VIJA_220_6,0
GEN_512042_HINDUPUR_220_W,0
GEN_512043_JAGRPDU2_220_1,0
GEN_512043_JAGRPDU2_220_2,0
GEN_512044_KAKINADA_220_1,0
GEN_512044_KAKINADA_220_2,0
GEN_512044_KAKINADA_220_3,0
GEN_512044_KAKINADA_220_4,0
GEN_512049_KOTH_220_1,0
GEN_512049_KOTH_220_2,0
GEN_512049_KOTH_220_3,0
GEN_512049_KOTH_220_4,0
GEN_512049_KOTH_220_5,0
GEN_512049_KOTH_220_6,0
GEN_512049_KOTH_220_7,0
GEN_512049_KOTH_220_8,0
GEN_512049_KOTH_220_9,0
GEN_512049_KOTH_220_A,0
GEN_512050_LISLRU_220_1,0
GEN_512050_LISLRU_220_2,0
GEN_512050_LISLRU_220_3,0
GEN_512050_LISLRU_220_4,0
GEN_512050_LISLRU_220_5,0
GEN_512057_MUDN_220_1,0
GEN_512057_MUDN_220_2,0
GEN_512057_MUDN_220_3,0
GEN_512057_MUDN_220_4,0
GEN_512057_MUDN_220_5,0
GEN_512073_SRIS_220_1,0
GEN_512073_SRIS_220_2,0
GEN_512073_SRIS_220_3,0
GEN_512073_SRIS_220_4,0
GEN_512073_SRIS_220_5,0
GEN_512073_SRIS_220_6,0
GEN_512073_SRIS_220_7,0
GEN_512077_USILRU_220_1,0
GEN_512077_USILRU_220_2,0
GEN_512077_USILRU_220_3,0
GEN_512077_USILRU_220_4,0
GEN_512083_KNDP_220_1,0
GEN_512083_KNDP_220_2,0
GEN_512083_KNDP_220_3,0
GEN_512084_VIJES1_220_1,0
GEN_512084_VIJES1_220_2,0
GEN_512084_VIJES1_220_3,0
GEN_512085_VIJES2_220_1,0
GEN_512085_VIJES2_220_2,0
GEN_512135_ASPIRI_220_1,0
GEN_512135_ASPIRI_220_2,0
GEN_512135_ASPIRI_220_3,0
GEN_512135_ASPIRI_220_4,0
GEN_512135_ASPIRI_220_5,0
GEN_512135_ASPIRI_220_6,0
GEN_512135_ASPIRI_220_8,0
GEN_514001_RSTP_400_1,0
GEN_514001_RSTP_400_10,0
GEN_514001_RSTP_400_2,0
GEN_514001_RSTP_400_3,0
GEN_514001_RSTP_400_4,0
GEN_514001_RSTP_400_5,0
GEN_514001_RSTP_400_6,0
GEN_514001_RSTP_400_7,0
GEN_514011_SSLBPH4_400_1,0
GEN_514011_SSLBPH4_400_2,0
GEN_514011_SSLBPH4_400_3,0
GEN_514011_SSLBPH4_400_4,0
GEN_514011_SSLBPH4_400_5,0
GEN_514011_SSLBPH4_400_6,0
GEN_514014_SIMHADRI_400_1,0
GEN_514014_SIMHADRI_400_2,0
GEN_514015_SIMHD-II_400_1,0
GEN_514015_SIMHD-II_400_2,0
GEN_514017_VEMAGIR4_400_1,0
GEN_514017_VEMAGIR4_400_2,0
GEN_514017_VEMAGIR4_400_3,0
GEN_514018_TPCIL4_400_1,0
GEN_514027_KRISH-AP_400_1,0
GEN_514029_KAKTIYA_400_1,0
GEN_514029_KAKTIYA_400_2,0
GEN_514030_VIJTP-IV_400_1,0
GEN_514031_SINGARENI_400_3,0
GEN_514031_SINGARENI_400_4,0
GEN_514049_KOTH-IV_400_1,0
GEN_514057_MUDN400_400_1,0
GEN_514080_KOTH-VII_400_1,0
GEN_514088_LANCO-OA_400_1,0
GEN_514088_LANCO-OA_400_2,0
GEN_514089_SIMHP-OA_400_1,0
GEN_514089_SIMHP-OA_400_2,0
GEN_514089_SIMHP-OA_400_3,0
GEN_514089_SIMHP-OA_400_4,0
GEN_514090_MENAK-OA_400_1,0
GEN_514090_MENAK-OA_400_2,0
GEN_514090_MENAK-OA_400_3,0
GEN_514090_MENAK-OA_400_4,0
GEN_514094_NCCPPL_400_1,0
GEN_514094_NCCPPL_400_2,0
GEN_514096_GMR-OA_400_1,0
GEN_514098_HINDJ-OA_400_1,0
GEN_514098_HINDJ-OA_400_2,0
GEN_514401_PUDIMADAKA4_400_1,0
GEN_514401_PUDIMADAKA4_400_2,0
GEN_522003_RAIC_220_1,0
GEN_522003_RAIC_220_2,0
GEN_522003_RAIC_220_3,0
GEN_522003_RAIC_220_4,0
GEN_522004_GUTTUR_220_1,0
GEN_522012_KAIG_220_1,3020
GEN_522012_KAIG_220_2,3020
GEN_522027_GHATPRBH_220_1,0
GEN_522048_JURLPRKR_220_1,0
GEN_522048_JURLPRKR_220_10,0
GEN_522048_JURLPRKR_220_11,0
GEN_522048_JURLPRKR_220_12,0
GEN_522048_JURLPRKR_220_13,0
GEN_522048_JURLPRKR_220_2,0
GEN_522048_JURLPRKR_220_3,0
GEN_522048_JURLPRKR_220_4,0
GEN_522048_JURLPRKR_220_5,0
GEN_522048_JURLPRKR_220_6,0
GEN_522048_JURLPRKR_220_7,0
GEN_522048_JURLPRKR_220_8,0
GEN_522048_JURLPRKR_220_9,0
GEN_522049_KADR_220_1,0
GEN_522049_KADR_220_2,0
GEN_522049_KADR_220_3,0
GEN_522050_KDSL_220_1,0
GEN_522050_KDSL_220_2,0
GEN_522050_KDSL_220_3,0
GEN_522052_KLN2_220_1,0
GEN_522052_KLN2_220_2,0
GEN_522052_KLN2_220_3,0
GEN_522052_KLN2_220_4,0
GEN_522052_KLN2_220_5,0
GEN_522052_KLN2_220_6,0
GEN_522052_KLN2_220_7,0
GEN_522058_MLNG_220_1,0
GEN_522070_SRVT_220_1,0
GEN_522070_SRVT_220_13,0
GEN_522070_SRVT_220_2,0
GEN_522070_SRVT_220_3,0
GEN_522070_SRVT_220_4,0
GEN_522071_SVT2_220_1,0
GEN_522071_SVT2_220_2,0
GEN_522071_SVT2_220_3,0
GEN_522071_SVT2_220_4,0
GEN_522071_SVT2_220_5,0
GEN_522071_SVT2_220_6,0
GEN_522071_SVT2_220_7,0
GEN_522071_SVT2_220_8,0
GEN_522071_SVT2_220_9,0
GEN_522071_SVT2_220_A,0
GEN_522075_VARH_220_1,0
GEN_522075_VARH_220_2,0
GEN_522075_VARH_220_3,0
GEN_522075_VARH_220_4,0
GEN_522076_TORAN2_220_1,0
GEN_522076_TORAN2_220_2,0
GEN_522079_ALMATI_220_1,0
GEN_522079_ALMATI_220_2,0
GEN_522079_ALMATI_220_3,0
GEN_522134_BMMISPAT_220_1,0
GEN_522134_BMMISPAT_220_2,0
GEN_522134_BMMISPAT_220_3,0
GEN_524003_RAIC_400_1,0
GEN_524003_RAIC_400_2,0
GEN_524003_RAIC_400_3,0
GEN_524003_RAIC_400_4,0
GEN_524008_UDUPI400_400_1,0
GEN_524008_UDUPI400_400_2,0
GEN_524012_KAIGA_400_1,3020
GEN_524012_KAIGA_400_2,3020
GEN_524034_KUDGI-NT_400_1,0
GEN_524034_KUDGI-NT_400_2,0
GEN_524034_KUDGI-NT_400_3,0
GEN_524076_TORNGL4_400_1,0
GEN_524076_TORNGL4_400_2,0
GEN_524076_TORNGL4_400_3,0
GEN_524076_TORNGL4_400_4,0
GEN_524082_BELLARY_400_1,0
GEN_524082_BELLARY_400_2,0
GEN_531022_KAKKAD1_110_1,0
GEN_531022_KAKKAD1_110_2,0
GEN_531030_KUTHNGAL1_110_1,0
GEN_531030_KUTHNGAL1_110_2,0
GEN_531030_KUTHNGAL1_110_3,0
GEN_531036_MANIYAR1_110_1,0
GEN_531036_MANIYAR1_110_2,0
GEN_531036_MANIYAR1_110_3,0
GEN_531042_NERMNGLM1_110_1,0
GEN_531042_NERMNGLM1_110_2,0
GEN_531042_NERMNGLM1_110_3,0
GEN_531042_NERMNGLM1_110_4,0
GEN_531047_PANNIYAR1_110_1,0
GEN_531047_PANNIYAR1_110_2,0
GEN_531054_SENGULAM1_110_1,0
GEN_531054_SENGULAM1_110_2,0
GEN_531054_SENGULAM1_110_3,0
GEN_531054_SENGULAM1_110_4,0
GEN_531314_BDPP1_110_1,0
GEN_531314_BDPP1_110_2,0
GEN_531314_BDPP1_110_3,0
GEN_531314_BDPP1_110_4,0
GEN_531314_BDPP1_110_5,0
GEN_531321_IDAMALYR1_110_1,0
GEN_531321_IDAMALYR1_110_2,0
GEN_531326_SHOLAYAR1_110_1,0
GEN_531326_SHOLAYAR1_110_2,0
GEN_531326_SHOLAYAR1_110_3,0
GEN_531347_PORINGAL1_110_1,0
GEN_531347_PORINGAL1_110_2,0
GEN_531347_PORINGAL1_110_3,0
GEN_531347_PORINGAL1_110_4,0
GEN_531347_PORINGAL1_110_5,0
GEN_531368_BSES1_110_1,0
GEN_531368_BSES1_110_2,0
GEN_531368_BSES1_110_3,0
GEN_531368_BSES1_110_4,0
GEN_531615_KDPP1_110_1,0
GEN_531615_KDPP1_110_2,0
GEN_531615_KDPP1_110_3,0
GEN_531615_KDPP1_110_4,0
GEN_531615_KDPP1_110_5,0
GEN_531615_KDPP1_110_6,0
GEN_531615_KDPP1_110_7,0
GEN_531615_KDPP1_110_8,0
GEN_531621_KAKKAYAM1A_110_1,0
GEN_531621_KAKKAYAM1A_110_2,0
GEN_531621_KAKKAYAM1A_110_3,0
GEN_531622_KAKKAYAM1B_110_4,0
GEN_531622_KAKKAYAM1B_110_5,0
GEN_531622_KAKKAYAM1B_110_6,0
GEN_531641_KPCL1_110_1,0
GEN_531641_KPCL1_110_2,0
GEN_531641_KPCL1_110_3,0
GEN_532001_IDUKKI2A_220_3,0
GEN_532001_IDUKKI2A_220_4,0
GEN_532001_IDUKKI2A_220_5,0
GEN_532001_IDUKKI2A_220_6,0
GEN_532002_IDUKKI2B_220_1,0
GEN_532002_IDUKKI2B_220_2,0
GEN_532005_KAYMKULM2_220_1,0
GEN_532005_KAYMKULM2_220_2,0
GEN_532005_KAYMKULM2_220_3,0
GEN_532007_LOWRPRYR2A_220_1,0
GEN_532007_LOWRPRYR2A_220_2,0
GEN_532007_LOWRPRYR2A_220_3,0
GEN_532013_SABRGIRI2_220_1,0
GEN_532013_SABRGIRI2_220_2,0
GEN_532013_SABRGIRI2_220_3,0
GEN_532013_SABRGIRI2_220_4,0
GEN_532013_SABRGIRI2_220_5,0
GEN_532013_SABRGIRI2_220_6,0
GEN_532014_THOTTIAR2_220_1,0
GEN_532252_MANKULAM2_220_1,0
GEN_536019_KALLADA6_66_1,0
GEN_536019_KALLADA6_66_2,0
GEN_536034_MALNKARA6_66_1,0
GEN_536034_MALNKARA6_66_2,0
GEN_536034_MALNKARA6_66_3,0
GEN_536051_PALIVASL6_66_1,0
GEN_536051_PALIVASL6_66_2,0
GEN_536051_PALIVASL6_66_3,0
GEN_536051_PALIVASL6_66_4,0
GEN_536051_PALIVASL6_66_5,0
GEN_536051_PALIVASL6_66_6,0
GEN_541001_PYKARA1_110_1,0
GEN_541001_PYKARA1_110_2,0
GEN_541001_PYKARA1_110_3,0
GEN_541001_PYKARA1_110_4,0
GEN_541001_PYKARA1_110_5,0
GEN_541001_PYKARA1_110_6,0
GEN_541001_PYKARA1_110_7,0
GEN_541044_KUTALAMGAS1_110_1,0
GEN_541046_NEYVELITS1_110_1,0
GEN_541046_NEYVELITS1_110_2,0
GEN_541046_NEYVELITS1_110_3,0
GEN_541046_NEYVELITS1_110_4,0
GEN_541046_NEYVELITS1_110_5,0
GEN_541046_NEYVELITS1_110_6,0
GEN_541105_RAMNDIPPGAS1_110_1,0
GEN_541106_KOVILKLPLGAS_110_1,0
GEN_541112_VALUTHURGAS1_110_1,0
GEN_541112_VALUTHURGAS1_110_2,0
GEN_542001_NEYVELTS2_230_1,0
GEN_542001_NEYVELTS2_230_2,0
GEN_542001_NEYVELTS2_230_3,0
GEN_542006_UDMLPET2_230_1,0
GEN_542006_UDMLPET2_230_2,0
GEN_542008_NCTPS2_230_1,0
GEN_542008_NCTPS2_230_2,0
GEN_542008_NCTPS2_230_3,0
GEN_542031_KALPAKAM2_230_1,2060
GEN_542031_KALPAKAM2_230_2,2060
GEN_542033_KADAMPAR2_230_1,0
GEN_542033_KADAMPAR2_230_2,0
GEN_542033_KADAMPAR2_230_3,0
GEN_542033_KADAMPAR2_230_4,0
GEN_542037_KUNDAHGEN2_230_1,0
GEN_542037_KUNDAHGEN2_230_2,0
GEN_542037_KUNDAHGEN2_230_3,0
GEN_542039_METTUR-TUN_230_1,0
GEN_542039_METTUR-TUN_230_2,0
GEN_542039_METTUR-TUN_230_3,0
GEN_542039_METTUR-TUN_230_4,0
GEN_542039_METTUR-TUN_230_5,0
GEN_542039_METTUR-TUN_230_6,0
GEN_542039_METTUR-TUN_230_7,0
GEN_542039_METTUR-TUN_230_8,0
GEN_542041_MTPS2_230_1,0
GEN_542041_MTPS2_230_2,0
GEN_542041_MTPS2_230_3,0
GEN_542041_MTPS2_230_4,0
GEN_542046_NEYVELITS12_230_7,0
GEN_542046_NEYVELITS12_230_8,0
GEN_542046_NEYVELITS12_230_9,0
GEN_542047_NEY-ZERO_230_1,0
GEN_542051_PARAMKDY2_230_S1,0
GEN_542054_ENNORE2_230_1,0
GEN_542054_ENNORE2_230_2,0
GEN_542054_ENNORE2_230_3,0
GEN_542055_PPNALUR2_230_1,0
GEN_542064_THENI2_230_6,0
GEN_542071_TTPS2_230_1,0
GEN_542071_TTPS2_230_2,0
GEN_542071_TTPS2_230_3,0
GEN_542071_TTPS2_230_4,0
GEN_542071_TTPS2_230_5,0
GEN_542097_PUSHEP2_230_1,0
GEN_542097_PUSHEP2_230_2,0
GEN_542097_PUSHEP2_230_3,0
GEN_542126_KAMUTHI2_230_S,0
GEN_542137_STERLITE2_230_1,0
GEN_542137_STERLITE2_230_2,0
GEN_542138_INDBHARAT2_230_1,0
GEN_542138_INDBHARAT2_230_2,0
GEN_542138_INDBHARAT2_230_3,0
GEN_542139_KARVAR2_230_1,0
GEN_542141_NAGAIPR2_230_1,0
GEN_542163_OPGALAMTYG_230_1,0
GEN_544000_CHENN-EX_400_1,0
GEN_544000_CHENN-EX_400_2,0
GEN_544001_NYVL_400_1,0
GEN_544001_NYVL_400_2,0
GEN_544001_NYVL_400_3,0
GEN_544001_NYVL_400_4,0
GEN_544010_NEYEXTN4_400_1,0
GEN_544010_NEYEXTN4_400_2,0
GEN_544020_NEY_IIEX_400_1,0
GEN_544021_KUDAN4_400_1,3020
GEN_544021_KUDAN4_400_2,3020
GEN_544021_KUDAN4_400_3,3020
GEN_544041_METTUR4_400_1,0
GEN_544046_NEY(REP)4_400_1,0
GEN_544046_NEY(REP)4_400_2,0
GEN_544071_TUTICORN_400_1,0
GEN_544088_VALLURTPS_400_1,0
GEN_544088_VALLURTPS_400_2,0
GEN_544088_VALLURTPS_400_3,0
GEN_544096_ILFS-OA_400_1,0
GEN_544096_ILFS-OA_400_2,0
GEN_544114_CEPL_400_1,0
GEN_544114_CEPL_400_2,0
GEN_544115_IND-BARATH_400_1,0
GEN_544115_IND-BARATH_400_2,0
GEN_544124_ETPSEXP4_400_1,0
